"","day_index","day","year","temp","prcp","NUM_COLLISIONS"
"3236",352,3,2013,31.8,0.19,0.48828125
"1169",494,4,2014,50.3,0,0.555803571428571
"3272",724,3,2014,51.2,0.22,0.502232142857143
"2086",2050,3,2018,74.6,0,0.589928057553957
"404",44,6,2013,39.2,0,0.18359375
"1340",514,3,2014,51.1,0,0.433035714285714
"2554",276,2,2013,59.1,0,0.361328125
"1000",1572,6,2017,54.2,0.11,0.58259325044405
"199",25,3,2013,41.6,0.35,0.435546875
"2721",1387,7,2016,55.2,0,0.272189349112426
