"","day_index","day","year","temp","prcp","NUM_COLLISIONS"
"3129",2165,1,2018,35.2,0,0.453237410071942
"2780",2125,4,2018,45.6,0,0.732014388489209
"3330",1457,2,2016,49.8,0,0.402366863905325
"632",439,7,2014,35.3,0,0.151785714285714
"778",1911,4,2018,36.1,0.86,0.775179856115108
"2135",1323,3,2016,70.6,0,0.499013806706114
"2489",2094,3,2018,69.4,0.41,0.767985611510791
"1533",1997,3,2018,54.8,0,0.580935251798561
"2483",271,7,2013,68,0,0.283203125
"951",1199,6,2016,50.4,0.79,0.457593688362919
