"","day","day_index","year","mo","temp","visib","NUM_COLLISIONS"
"1809",4,1660,2017,7,68.8,2.7,0.541740674955595
"3141",3,1798,2017,12,40.9,10,0.623445825932504
"989",1,1570,2017,4,46.7,5.7,0.387211367673179
"1059",7,1945,2018,4,38,9.4,0.336330935251799
"2892",6,677,2014,11,53.6,9.4,0.6875
"178",2,20,2013,1,46.3,7,0.07421875
"404",1,44,2013,2,39.2,9.2,0.18359375
"2006",3,947,2015,8,71.7,3.8,0.478527607361963
"336",5,34,2013,2,34.8,9,0.412109375
"227",7,753,2015,1,34.5,10,0.45398773006135
