"","day_index","day","year","mo","temp","visib","wdsp","NUM_COLLISIONS"
"993",1934,6,2018,4,47.7,7,13.7,0.532374100719424
"69",2193,2,2019,1,29.4,10,7.4,0.587053571428571
"261",1490,5,2017,1,42.1,9.9,20.3,0.44404973357016
"685",804,1,2015,3,33.4,6.8,10.9,0.631901840490798
"951",1199,6,2016,4,50.4,5,8.5,0.457593688362919
