"","day_index","day","year","mo","temp","visib","NUM_COLLISIONS"
"1158",2314,4,2019,5,51.3,8.5,0.602678571428571
"521",1154,5,2016,2,40.8,3.5,0.477317554240631
"778",1911,4,2018,3,36.1,6.6,0.775179856115108
"234",1487,1,2017,1,40.9,8.8,0.593250444049734
"105",11,6,2013,1,24.4,8.6,0.396484375
