"","day_index","day","year","mo","temp","prcp","NUM_COLLISIONS"
"1329",880,7,2015,5,56.5,0,0.186094069529652
"664",801,7,2015,3,34.9,0.19,0.335378323108384
"679",1896,5,2018,3,36.1,0,0.764388489208633
"396",1135,3,2016,2,46.9,0.03,0.581854043392505
"77",1831,3,2018,1,36,0.17,0.508992805755396
