"","day_index","day","year","mo","temp","visib","wdsp","NUM_COLLISIONS"
"1445",525,6,2014,6,66.5,4.8,5.7,0.600446428571429
"344",1496,5,2017,2,30.9,10,9,0.490230905861456
"578",1522,2,2017,3,40.7,5,8.7,0.460035523978686
"1229",1232,1,2016,5,59.4,10,9.6,0.566074950690335
"658",1534,6,2017,3,42.9,8.2,13.1,0.422735346358792
